<?xml version="1.0" encoding="UTF-8"?>
<project-private xmlns="http://www.netbeans.org/ns/project-private/1">
    <editor-bookmarks xmlns="http://www.netbeans.org/ns/editor-bookmarks/1"/>
    <editor-bookmarks xmlns="http://www.netbeans.org/ns/editor-bookmarks/2" lastBookmarkId="0"/>
    <open-files xmlns="http://www.netbeans.org/ns/projectui-open-files/2">
        <group>
            <file>file:/Users/ioanna/Dropbox/LRI/Code/Fusion/src/fusion/Property.java</file>
            <file>file:/Users/ioanna/Dropbox/LRI/Code/Fusion/src/fusion/Instance.java</file>
            <file>file:/Users/ioanna/Dropbox/LRI/Code/Fusion/src/fusion/Triple.java</file>
            <file>file:/Users/ioanna/Dropbox/LRI/Code/Fusion/src/fusion/Fusion.java</file>
            <file>file:/Users/ioanna/Dropbox/LRI/Code/Fusion/src/fusion/Value.java</file>
            <file>file:/Users/ioanna/Dropbox/LRI/Code/Fusion/src/fusion/SameAsLink.java</file>
            <file>file:/Users/ioanna/Dropbox/LRI/Code/Fusion/src/fusion/Source.java</file>
        </group>
    </open-files>
</project-private>
